id,name,url,tier,city,score,ok,durationMs
A2,"吉客云","https://www.jackyun.com",A,杭州,38,true,7845
A12,"卖家精灵","https://www.sellersprite.com/cn",A,深圳,62,true,4142
A1,"思亿欧/外贸快车","https://trade-express.cn",A,杭州,0,true,755
A3,"有赞科技","https://www.youzan.com",A,杭州,10,true,2562
A4,"光云科技","https://www.gycx.cn",A,杭州,2,true,1639
A5,"壹网壹创","https://www.yiwangyichuang.com",A,杭州,0,true,85339
A6,"卧兔网络(WotoHub)","https://www.wotohub.com",A,杭州,18,true,4390
A7,"飞盒跨境","https://www.ikj168.com",A,杭州,0,true,897
A8,"数里行间(Shulex)","https://www.shulex.ai",A,杭州,17,true,14426
A9,"美登科技","https://www.meidengkeji.com",A,杭州,0,true,85380
A10,"盘兴数智","https://www.panxingdata.com",A,杭州,0,true,532
A11,"深绘智能","https://www.shenhuiai.com",A,杭州,6,true,9427
A13,"影刀RPA","https://www.yingdao.com",A,杭州,29,true,8838
A14,"嘉倍利商贸","https://www.jiabeili.com",A,广州,48,true,36818
A15,"朗游科技","https://www.lanyoukeji.com",A,深圳,0,true,487
B1,"傲基科技","https://www.aojikeji.com",B,深圳,0,true,486
B2,"赛维时代","https://www.savvyera.com",B,深圳,0,true,3449
B3,"三态股份","https://www.santai.com",B,深圳,17,true,14752
B4,"尚佰环球(Bedsure)","https://www.bedsurehome.com",B,上海,39,true,26665
B5,"星商(starmerx)","https://www.starmerx.com",B,深圳,39,true,7841
S1,"品腾(LovelyWholesale)","https://www.lovelywholesale.com",B,上海,6,true,5898
S2,"联宠智能(CATLINK)","https://www.catlink.cn",B,上海,4,true,1567
S3,"小佩网络(PETKIT)","https://www.petkit.com",B,上海,50,true,13239
S4,"七十迈(70mai)","https://www.70mai.com",B,上海,30,true,9144
S5,"复志科技(Raise3D)","https://www.raise3d.com",B,上海,30,true,115755
S6,"赛诺韦尔","https://www.sainoverseas.com",B,上海,0,true,57667
S7,"极壳科技(Hypershell)","https://www.hypershell.com",B,上海,16,true,45087
S8,"蛋壳宠物(pidan)","https://www.pidan.com",B,上海,0,true,1708
S9,"三问家居","https://www.sanwenhome.com",B,上海,0,true,441
S10,"器外文化(HOTO)","https://www.hoto.cn",B,上海,18,true,21908
S11,"赢他科技(OEDRO)","https://www.oedro.com",B,上海,28,true,6864
S12,"雷塔智能(Supernote)","https://www.supernote.com",B,上海,46,true,16342
S13,"小蚁科技(YI)","https://www.xiaoyi.com",B,上海,16,true,5463
S14,"荣泰健康(ROTAI)","https://www.rotai.com",B,上海,3,true,1660
S15,"澜创科技(CCLIFE)","https://www.cclife.com",B,上海,37,true,19125
S16,"妙哉商贸(Hofdeco)","https://www.hofdeco.com",B,上海,45,true,10603
S17,"三问家居","https://www.sanwenhome.com",B,上海,0,true,575
S18,"冠甲电子","https://www.guanjia.com",B,上海,0,true,85510
S19,"又燃又兔(Robbi)","https://www.robbi.com",B,上海,29,true,14884
S20,"奥深(B2B工业)","https://www.aoshen.com",B,上海,0,true,3589
G1,"CUPSHE(泡泡网络)","https://www.cupshe.com",B,广州,0,true,8927
G2,"Coofandy","https://www.coofandy.com",B,广州,46,true,20937
G3,"JollyChic(达文西)","https://www.jollychic.com",B,广州,0,true,85592
G4,"BALEAF(乐活体育)","https://www.baleaf.com",B,广州,54,true,18362
G5,"PatPat(帕帕科技)","https://www.patpat.com",B,广州,0,true,7257
G6,"棒谷科技","https://www.banggu.com",B,广州,0,true,85559
G7,"GreenWorks(绿友)","https://www.greenworks.com",B,广州,8,true,10030
G8,"Lilysilk","https://www.lilysilk.com",B,广州,38,true,30476
G9,"Vova","https://www.vova.com",B,广州,0,true,5763
G10,"Floerns","https://www.floerns.com",B,广州,0,true,8077
G11,"Yolmo","https://www.yolmo.com",B,广州,32,true,8897
G12,"Lolanta","https://www.lolanta.com",B,广州,48,true,43003
G13,"OQQ","https://www.oqq.com",B,广州,41,true,13181
G14,"Urbanic","https://www.urbanic.com",B,广州,0,true,4432
G15,"Stylewe","https://www.stylewe.com",B,广州,32,true,39084
G16,"CCLIFE","https://www.cclife.com",B,广州,37,true,15982
G17,"TOPSHEEN","https://www.topsheen.com",B,广州,0,true,601
G18,"AINAAN","https://www.anaan.com",B,广州,0,true,6057
G19,"SOLAWAVE","https://www.solawave.com",B,广州,21,true,28851